Company Name,Model Name,Launched Price (Pakistan),Launched Price (USA),Launched Price (Dubai),Launched Year
Apple,iPhone 16 128GB,"PKR 224,999",USD 799,"AED 2,799",2024
Apple,iPhone 16 256GB,"PKR 234,999",USD 849,"AED 2,999",2024
Apple,iPhone 16 512GB,"PKR 244,999",USD 899,"AED 3,199",2024
Apple,iPhone 16 Plus 128GB,"PKR 249,999",USD 899,"AED 3,199",2024
Apple,iPhone 16 Plus 256GB,"PKR 259,999",USD 949,"AED 3,399",2024
Apple,iPhone 16 Plus 512GB,"PKR 274,999",USD 999,"AED 3,599",2024
Apple,iPhone 16 Pro 128GB,"PKR 284,999",USD 999,"AED 3,499",2024
Apple,iPhone 16 Pro 256GB,"PKR 294,999","USD 1,049","AED 3,699",2024
Apple,iPhone 16 Pro 512GB,"PKR 314,999","USD 1,099","AED 3,899",2024
Apple,iPhone 16 Pro Max 128GB,"PKR 314,999","USD 1,099","AED 3,799",2024
Apple,iPhone 16 Pro Max 256GB,"PKR 324,999","USD 1,199","AED 3,999",2024
Apple,iPhone 16 Pro Max 512GB,"PKR 344,999","USD 1,299","AED 4,199",2024
Apple,iPhone 15 128GB,"PKR 204,999",USD 799,"AED 2,699",2023
Apple,iPhone 15 256GB,"PKR 214,999",USD 849,"AED 2,999",2023
Apple,iPhone 15 512GB,"PKR 224,999",USD 949,"AED 3,199",2023
Apple,iPhone 15 Plus 128GB,"PKR 234,999",USD 899,"AED 3,199",2023
Apple,iPhone 15 Plus 256GB,"PKR 244,999",USD 999,"AED 3,399",2023
Apple,iPhone 15 Plus 512GB,"PKR 264,999","USD 1,049","AED 3,599",2023
Apple,iPhone 15 Pro 128GB,"PKR 274,999","USD 1,099","AED 3,599",2023
Apple,iPhone 15 Pro 256GB,"PKR 284,999","USD 1,199","AED 3,799",2023
Apple,iPhone 15 Pro 512GB,"PKR 304,999","USD 1,299","AED 4,199",2023
Apple,iPhone 15 Pro Max 128GB,"PKR 314,999","USD 1,199","AED 3,899",2023
Apple,iPhone 15 Pro Max 256GB,"PKR 324,999","USD 1,299","AED 4,199",2023
Apple,iPhone 15 Pro Max 512GB,"PKR 344,999","USD 1,399","AED 4,399",2023
Apple,iPhone 14 128GB,"PKR 184,999",USD 799,"AED 2,699",2022
Apple,iPhone 14 256GB,"PKR 194,999",USD 849,"AED 2,999",2022
Apple,iPhone 14 512GB,"PKR 204,999",USD 949,"AED 3,199",2022
Apple,iPhone 14 Plus 128GB,"PKR 204,999",USD 899,"AED 3,199",2022
Apple,iPhone 14 Plus 256GB,"PKR 214,999",USD 999,"AED 3,399",2022
Apple,iPhone 14 Plus 512GB,"PKR 224,999","USD 1,049","AED 3,599",2022
Apple,iPhone 14 Pro 128GB,"PKR 294,999","USD 1,099","AED 3,699",2022
Apple,iPhone 14 Pro 256GB,"PKR 304,999","USD 1,199","AED 3,899",2022
Apple,iPhone 14 Pro 512GB,"PKR 324,999","USD 1,299","AED 4,199",2022
Apple,iPhone 14 Pro Max 128GB,"PKR 324,999","USD 1,199","AED 3,999",2022
Apple,iPhone 14 Pro Max 256GB,"PKR 344,999","USD 1,299","AED 4,199",2022
Apple,iPhone 14 Pro Max 512GB,"PKR 364,999","USD 1,399","AED 4,499",2022
Apple,iPhone 13 mini 128GB,"PKR 174,999",USD 699,"AED 2,599",2021
Apple,iPhone 13 mini 256GB,"PKR 184,999",USD 799,"AED 2,999",2021
Apple,iPhone 13 mini 512GB,"PKR 194,999",USD 899,"AED 3,299",2021
Apple,iPhone 13 128GB,"PKR 194,999",USD 799,"AED 2,999",2021
Apple,iPhone 13 256GB,"PKR 204,999",USD 899,"AED 3,199",2021
Apple,iPhone 13 512GB,"PKR 224,999",USD 999,"AED 3,599",2021
Apple,iPhone 13 Pro 128GB,"PKR 294,999",USD 999,"AED 3,999",2021
Apple,iPhone 13 Pro 256GB,"PKR 314,999","USD 1,099","AED 4,199",2021
Apple,iPhone 13 Pro 512GB,"PKR 344,999","USD 1,199","AED 4,399",2021
Apple,iPhone 13 Pro Max 128GB,"PKR 324,999","USD 1,099","AED 4,199",2021
Apple,iPhone 13 Pro Max 256GB,"PKR 354,999","USD 1,199","AED 4,399",2021
Apple,iPhone 13 Pro Max 512GB,"PKR 384,999","USD 1,399","AED 4,599",2021
Apple,iPhone 12 mini 64GB,"PKR 174,999",USD 699,"AED 2,599",2020
Apple,iPhone 12 mini 128GB,"PKR 184,999",USD 799,"AED 2,999",2020
Apple,iPhone 12 mini 256GB,"PKR 194,999",USD 899,"AED 3,299",2020
Apple,iPhone 12 64GB,"PKR 194,999",USD 799,"AED 2,999",2020
Apple,iPhone 12 128GB,"PKR 204,999",USD 899,"AED 3,199",2020
Apple,iPhone 12 256GB,"PKR 224,999",USD 999,"AED 3,599",2020
Apple,iPhone 12 Pro 128GB,"PKR 314,999",USD 999,"AED 3,999",2020
Apple,iPhone 12 Pro 256GB,"PKR 334,999","USD 1,099","AED 4,199",2020
Apple,iPhone 12 Pro 512GB,"PKR 354,999","USD 1,199","AED 4,399",2020
Apple,iPhone 12 Pro Max 128GB,"PKR 344,999","USD 1,099","AED 4,199",2020
Apple,iPhone 12 Pro Max 256GB,"PKR 364,999","USD 1,199","AED 4,399",2020
Apple,iPhone 12 Pro Max 512GB,"PKR 384,999","USD 1,399","AED 4,599",2020
Apple,iPhone 11 64GB,"PKR 159,999",USD 699,"AED 2,499",2019
Apple,iPhone 11 128GB,"PKR 169,999",USD 799,"AED 2,999",2019
Apple,iPhone 11 256GB,"PKR 179,999",USD 899,"AED 3,299",2019
Apple,iPhone 11 Pro 64GB,"PKR 219,999",USD 999,"AED 3,799",2019
Apple,iPhone 11 Pro 256GB,"PKR 239,999","USD 1,099","AED 4,199",2019
Apple,iPhone 11 Pro 512GB,"PKR 259,999","USD 1,199","AED 4,599",2019
Apple,iPhone 11 Pro Max 64GB,"PKR 269,999","USD 1,099","AED 4,399",2019
Apple,iPhone 11 Pro Max 256GB,"PKR 289,999","USD 1,199","AED 4,599",2019
Apple,iPhone 11 Pro Max 512GB,"PKR 309,999","USD 1,399","AED 4,999",2019
Apple,iPhone X 64GB,"PKR 164,999",USD 999,"AED 3,799",2017
Apple,iPhone X 256GB,"PKR 184,999","USD 1,099","AED 4,199",2017
Apple,iPhone XS 64GB,"PKR 219,999",USD 999,"AED 3,899",2018
Apple,iPhone XS 256GB,"PKR 239,999","USD 1,099","AED 4,299",2018
Apple,iPhone XS 512GB,"PKR 259,999","USD 1,299","AED 4,799",2018
Apple,iPhone XS Max 64GB,"PKR 249,999","USD 1,099","AED 4,399",2018
Apple,iPhone XS Max 256GB,"PKR 269,999","USD 1,249","AED 4,799",2018
Apple,iPhone XS Max 512GB,"PKR 289,999","USD 1,399","AED 5,099",2018
Apple,iPhone XR 64GB,"PKR 149,999",USD 749,"AED 2,699",2018
Apple,iPhone XR 128GB,"PKR 159,999",USD 799,"AED 3,099",2018
Apple,iPhone XR 256GB,"PKR 179,999",USD 899,"AED 3,399",2018
Apple,iPad Air 10.9-inch 64GB,"PKR 79,999",USD 599,"AED 2,099",2020
Apple,iPad Air 10.9-inch 256GB,"PKR 89,999",USD 749,"AED 2,499",2020
Apple,iPad 10.2-inch 32GB,"PKR 49,999",USD 329,"AED 1,199",2020
Apple,iPad 10.2-inch 128GB,"PKR 59,999",USD 429,"AED 1,499",2020
Apple,iPad Mini 7.9-inch 64GB,"PKR 69,999",USD 399,"AED 1,499",2019
Apple,iPad Mini 7.9-inch 256GB,"PKR 79,999",USD 499,"AED 1,799",2019
Apple,iPad Pro 11-inch 128GB,"PKR 149,999",USD 799,"AED 2,799",2020
Apple,iPad Pro 11-inch 256GB,"PKR 169,999",USD 899,"AED 3,199",2020
Apple,iPad Pro 11-inch 512GB,"PKR 189,999","USD 1,099","AED 3,699",2020
Apple,iPad Pro 12.9-inch 128GB,"PKR 219,999",USD 999,"AED 3,799",2020
Apple,iPad Pro 12.9-inch 256GB,"PKR 239,999","USD 1,099","AED 4,199",2020
Apple,iPad Pro 12.9-inch 512GB,"PKR 259,999","USD 1,299","AED 4,599",2020
Apple,iPad Pro 13-inch 128GB,"PKR 259,999","USD 1,099","AED 4,499",2020
Apple,iPad Pro 13-inch 256GB,"PKR 279,999","USD 1,199","AED 4,799",2020
Apple,iPad Pro 13-inch 512GB,"PKR 309,999","USD 1,399","AED 5,299",2020
Apple,iPad Pro 13-inch 1TB,"PKR 359,999","USD 1,599","AED 5,799",2020
Apple,iPad Pro 13-inch 2TB,"PKR 399,999","USD 1,799","AED 6,099",2020
Samsung,Galaxy S24 Ultra 128GB,"PKR 450,000","USD 1,199","AED 4,899",2024
Samsung,Galaxy S24 Ultra 256GB,"PKR 480,000","USD 1,299","AED 5,099",2024
Samsung,Galaxy S24+ 128GB,"PKR 400,000",USD 899,"AED 3,599",2024
Samsung,Galaxy S24+ 256GB,"PKR 430,000",USD 999,"AED 3,799",2024
Samsung,Galaxy S24 128GB,"PKR 350,000",USD 799,"AED 3,299",2024
Samsung,Galaxy S24 256GB,"PKR 380,000",USD 899,"AED 3,499",2024
Samsung,Galaxy S23 Ultra 128GB,"PKR 430,000","USD 1,199","AED 4,599",2023
Samsung,Galaxy S23 Ultra 256GB,"PKR 460,000","USD 1,299","AED 4,899",2023
Samsung,Galaxy S23+ 128GB,"PKR 360,000",USD 899,"AED 3,399",2023
Samsung,Galaxy S23+ 256GB,"PKR 390,000",USD 999,"AED 3,599",2023
Samsung,Galaxy S23 128GB,"PKR 320,000",USD 799,"AED 3,099",2023
Samsung,Galaxy S23 256GB,"PKR 350,000",USD 899,"AED 3,299",2023
Samsung,Galaxy S22 Ultra 128GB,"PKR 420,000","USD 1,099","AED 4,499",2022
Samsung,Galaxy S22 Ultra 256GB,"PKR 450,000","USD 1,199","AED 4,799",2022
Samsung,Galaxy S22+ 128GB,"PKR 350,000",USD 799,"AED 3,299",2022
Samsung,Galaxy S22+ 256GB,"PKR 380,000",USD 899,"AED 3,599",2022
Samsung,Galaxy S22 128GB,"PKR 300,000",USD 699,"AED 2,999",2022
Samsung,Galaxy S22 256GB,"PKR 330,000",USD 799,"AED 3,199",2022
Samsung,Galaxy Z Fold 5 256GB,"PKR 500,000","USD 1,799","AED 6,999",2023
Samsung,Galaxy Z Fold 5 512GB,"PKR 550,000","USD 1,899","AED 7,499",2023
Samsung,Galaxy Z Flip 5 256GB,"PKR 350,000",USD 999,"AED 4,099",2023
Samsung,Galaxy Z Flip 5 512GB,"PKR 380,000","USD 1,099","AED 4,399",2023
Samsung,Galaxy Z Fold 4 256GB,"PKR 480,000","USD 1,799","AED 6,499",2022
Samsung,Galaxy Z Fold 4 512GB,"PKR 530,000","USD 1,899","AED 7,099",2022
Samsung,Galaxy Z Flip 4 256GB,"PKR 320,000",USD 999,"AED 3,799",2022
Samsung,Galaxy Z Flip 4 512GB,"PKR 350,000","USD 1,099","AED 4,099",2022
Samsung,Galaxy A54 128GB,"PKR 85,000",USD 399,"AED 1,399",2023
Samsung,Galaxy A54 256GB,"PKR 95,000",USD 449,"AED 1,499",2023
Samsung,Galaxy A34 128GB,"PKR 75,000",USD 349,"AED 1,299",2023
Samsung,Galaxy A34 256GB,"PKR 85,000",USD 399,"AED 1,399",2023
Samsung,Galaxy A24 128GB,"PKR 70,000",USD 299,"AED 1,199",2023
Samsung,Galaxy A24 256GB,"PKR 80,000",USD 349,"AED 1,299",2023
Samsung,Galaxy A14 128GB,"PKR 60,000",USD 249,"AED 1,099",2023
Samsung,Galaxy A14 256GB,"PKR 70,000",USD 299,"AED 1,199",2023
Samsung,Galaxy A04 64GB,"PKR 50,000",USD 199,AED 899,2022
Samsung,Galaxy A04 128GB,"PKR 60,000",USD 249,AED 999,2022
Samsung,Galaxy M54 128GB,"PKR 95,000",USD 349,"AED 1,299",2023
Samsung,Galaxy M54 256GB,"PKR 105,000",USD 399,"AED 1,399",2023
Samsung,Galaxy M34 128GB,"PKR 70,000",USD 299,"AED 1,099",2023
Samsung,Galaxy M34 256GB,"PKR 80,000",USD 349,"AED 1,199",2023
Samsung,Galaxy M14 128GB,"PKR 60,000",USD 249,AED 999,2023
Samsung,Galaxy M14 256GB,"PKR 70,000",USD 299,"AED 1,099",2023
Samsung,Galaxy M04 64GB,"PKR 50,000",USD 199,AED 899,2022
Samsung,Galaxy M04 128GB,"PKR 60,000",USD 249,AED 999,2022
Samsung,Galaxy F54 128GB,"PKR 85,000",USD 349,"AED 1,299",2023
Samsung,Galaxy F54 256GB,"PKR 95,000",USD 399,"AED 1,399",2023
Samsung,Galaxy F34 128GB,"PKR 70,000",USD 299,"AED 1,099",2023
Samsung,Galaxy F34 256GB,"PKR 80,000",USD 349,"AED 1,199",2023
Samsung,Galaxy F14 128GB,"PKR 60,000",USD 249,AED 999,2023
Samsung,Galaxy F14 256GB,"PKR 70,000",USD 299,"AED 1,099",2023
Samsung,Galaxy Note 20 Ultra 128GB,"PKR 180,000","USD 1,299","AED 4,499",2020
Samsung,Galaxy Note 20 Ultra 256GB,"PKR 200,000","USD 1,399","AED 4,999",2020
Samsung,Galaxy Note 20 128GB,"PKR 150,000",USD 999,"AED 3,999",2020
Samsung,Galaxy Note 20 256GB,"PKR 170,000","USD 1,099","AED 4,199",2020
Samsung,Galaxy Note 10+ 256GB,"PKR 160,000","USD 1,099","AED 3,899",2019
Samsung,Galaxy Note 10+ 512GB,"PKR 180,000","USD 1,199","AED 4,199",2019
Samsung,Galaxy Note 10 256GB,"PKR 140,000",USD 949,"AED 3,699",2019
Samsung,Galaxy Note 10 128GB,"PKR 120,000",USD 899,"AED 3,399",2019
Samsung,Galaxy Xcover 6 Pro 128GB,"PKR 75,000",USD 499,"AED 1,699",2022
Samsung,Galaxy Xcover 5 64GB,"PKR 50,000",USD 249,AED 899,2020
Samsung,Galaxy J8 64GB,"PKR 45,000",USD 199,AED 799,2018
Samsung,Galaxy J7 Pro 64GB,"PKR 40,000",USD 179,AED 699,2017
Samsung,Galaxy J6+ 64GB,"PKR 40,000",USD 169,AED 699,2018
Samsung,Galaxy J4 16GB,"PKR 25,000",USD 129,AED 499,2018
Samsung,Galaxy C9 Pro 64GB,"PKR 65,000",USD 399,"AED 1,299",2016
Samsung,Galaxy C7 Pro 64GB,"PKR 50,000",USD 299,AED 999,2017
Samsung,Galaxy C5 32GB,"PKR 40,000",USD 249,AED 799,2016
Samsung,Galaxy W22 5G 256GB,"PKR 280,000","USD 1,499","AED 5,499",2021
Samsung,Galaxy W21 5G 256GB,"PKR 260,000","USD 1,399","AED 4,999",2020
Samsung,Galaxy Tab S9 Ultra 256GB,"PKR 350,000","USD 1,199","AED 4,499",2023
Samsung,Galaxy Tab S9+ 256GB,"PKR 280,000",USD 999,"AED 3,999",2023
Samsung,Galaxy Tab S9 128GB,"PKR 230,000",USD 799,"AED 3,299",2023
Samsung,Galaxy Tab S9 FE 128GB,"PKR 150,000",USD 549,"AED 1,999",2023
Samsung,Galaxy Tab S8 Ultra 256GB,"PKR 320,000","USD 1,099","AED 4,299",2022
Samsung,Galaxy Tab S8+ 256GB,"PKR 250,000",USD 899,"AED 3,699",2022
Samsung,Galaxy Tab S8 128GB,"PKR 200,000",USD 699,"AED 2,999",2022
Samsung,Galaxy Tab A9+ 128GB,"PKR 100,000",USD 229,AED 899,2023
Samsung,Galaxy Tab A9 64GB,"PKR 75,000",USD 179,AED 699,2023
Samsung,Galaxy Tab A8 64GB,"PKR 68,000",USD 199,AED 799,2022
Samsung,Galaxy Tab A7 Lite 32GB,"PKR 40,000",USD 149,AED 599,2021
Samsung,Galaxy Tab Active 5 128GB,"PKR 150,000",USD 549,"AED 2,199",2024
Samsung,Galaxy Tab Active 4 Pro 128GB,"PKR 180,000",USD 649,"AED 2,599",2022
Samsung,Galaxy Tab Active 3 64GB,"PKR 120,000",USD 499,"AED 1,899",2020
Samsung,Galaxy Tab E 10.1 16GB,"PKR 35,000",USD 129,AED 499,2016
Samsung,Galaxy Tab E 8.0 16GB,"PKR 28,000",USD 99,AED 399,2016
OnePlus,OnePlus 12 256GB,"PKR 219,999",USD 799,"AED 3,199",2024
OnePlus,OnePlus 12R 256GB,"PKR 169,999",USD 699,"AED 2,599",2024
OnePlus,OnePlus 11 256GB,"PKR 179,999",USD 699,"AED 2,799",2023
OnePlus,OnePlus 11R 256GB,"PKR 159,999",USD 599,"AED 2,499",2023
OnePlus,OnePlus Nord 3 256GB,"PKR 119,999",USD 499,"AED 1,999",2023
OnePlus,OnePlus Nord CE 3 128GB,"PKR 85,000",USD 399,"AED 1,499",2023
OnePlus,OnePlus Nord CE 3 Lite 128GB,"PKR 59,999",USD 299,"AED 1,199",2023
OnePlus,OnePlus Nord N30 5G 128GB,"PKR 55,000",USD 249,AED 999,2023
OnePlus,OnePlus Open 256GB,"PKR 299,999","USD 1,099","AED 4,299",2024
OnePlus,OnePlus 10 Pro 256GB,"PKR 199,999",USD 899,"AED 3,299",2022
OnePlus,OnePlus 10T 256GB,"PKR 179,999",USD 749,"AED 2,899",2022
OnePlus,OnePlus 9 Pro 256GB,"PKR 179,999",USD 699,"AED 2,799",2021
OnePlus,OnePlus 9 128GB,"PKR 149,999",USD 599,"AED 2,299",2021
OnePlus,OnePlus 11 Pro 256GB,"PKR 219,999",USD 899,"AED 3,599",2023
OnePlus,OnePlus Nord 2T 128GB,"PKR 69,999",USD 399,"AED 1,699",2022
OnePlus,OnePlus Nord 2 128GB,"PKR 59,999",USD 349,"AED 1,499",2021
OnePlus,OnePlus Nord N200 64GB,"PKR 39,999",USD 199,AED 799,2021
OnePlus,OnePlus Nord N100 64GB,"PKR 29,999",USD 179,AED 699,2020
OnePlus,OnePlus 8T Cyberpunk 2077 Edition 256GB,"PKR 139,999",USD 749,"AED 2,999",2020
OnePlus,OnePlus 9T 128GB,"PKR 159,999",USD 649,"AED 2,799",2021
OnePlus,OnePlus 8T 256GB,"PKR 119,999",USD 599,"AED 2,499",2020
OnePlus,OnePlus 10T 5G 256GB,"PKR 179,999",USD 749,"AED 2,899",2022
OnePlus,OnePlus 9R 5G 128GB,"PKR 159,999",USD 599,"AED 2,499",2021
OnePlus,OnePlus 8 Pro 256GB,"PKR 159,999",USD 749,"AED 2,999",2020
OnePlus,OnePlus 8 128GB,"PKR 119,999",USD 699,"AED 2,499",2020
OnePlus,OnePlus Nord CE 2 Lite 128GB,"PKR 49,999",USD 249,AED 999,2022
OnePlus,OnePlus Nord CE 2 128GB,"PKR 64,999",USD 299,"AED 1,299",2022
OnePlus,OnePlus Nord 1 128GB,"PKR 49,999",USD 349,"AED 1,499",2020
OnePlus,OnePlus Nord CE 5G 128GB,"PKR 54,999",USD 299,"AED 1,499",2021
OnePlus,OnePlus Nord 2 5G 128GB,"PKR 69,999",USD 399,"AED 1,699",2021
OnePlus,OnePlus Nord N100 5G 64GB,"PKR 29,999",USD 179,AED 699,2020
OnePlus,OnePlus Nord N10 5G 128GB,"PKR 49,999",USD 299,"AED 1,099",2020
OnePlus,OnePlus 8R 128GB,"PKR 119,999",USD 649,"AED 2,499",2020
OnePlus,OnePlus 7R 128GB,"PKR 109,999",USD 599,"AED 2,399",2020
OnePlus,OnePlus 6T McLaren Edition 256GB,"PKR 149,999",USD 799,"AED 3,299",2018
OnePlus,OnePlus 5T Star Wars Edition 128GB,"PKR 89,999",USD 649,"AED 2,499",2017
OnePlus,OnePlus 13R 128GB,"PKR 219,999",USD 849,"AED 3,599",2023
OnePlus,OnePlus 11T 128GB,"PKR 199,999",USD 799,"AED 3,499",2023
OnePlus,OnePlus 10R 128GB,"PKR 169,999",USD 599,"AED 2,499",2022
OnePlus,OnePlus 7 Pro 5G 256GB,"PKR 169,999",USD 799,"AED 3,299",2019
OnePlus,OnePlus 6 Special Edition 128GB,"PKR 99,999",USD 599,"AED 2,499",2018
OnePlus,OnePlus 5 Special Edition 128GB,"PKR 94,999",USD 599,"AED 2,399",2017
OnePlus,OnePlus Nord X 128GB,"PKR 69,999",USD 299,"AED 1,299",2020
OnePlus,OnePlus 8 Pro McLaren Edition 256GB,"PKR 169,999",USD 899,"AED 3,599",2020
OnePlus,OnePlus 8T Cyberpunk Edition 256GB,"PKR 169,999",USD 799,"AED 3,299",2020
OnePlus,OnePlus 7T Pro 5G McLaren Edition 256GB,"PKR 179,999",USD 899,"AED 3,799",2019
OnePlus,OnePlus 15R 128GB,"PKR 229,999",USD 849,"AED 3,699",2023
OnePlus,OnePlus 14+ 128GB,"PKR 199,999",USD 799,"AED 3,499",2023
OnePlus,OnePlus 13 Pro 256GB,"PKR 219,999",USD 899,"AED 3,799",2023
OnePlus,OnePlus 12T 5G 256GB,"PKR 219,999",USD 849,"AED 3,599",2023
OnePlus,OnePlus Pad,"PKR 94,999",USD 499,"AED 1,799",2023
OnePlus,OnePlus Pad 2,"PKR 104,999",USD 549,"AED 1,999",2024
OnePlus,OnePlus Pad Pro,"PKR 169,999",USD 799,"AED 2,599",2024
Vivo,X200 128GB,"PKR 199,999",USD 999,"AED 3,699",2024
Vivo,X200 256GB,"PKR 219,999","USD 1,099","AED 3,999",2024
Vivo,X200 Pro 256GB,"PKR 229,999","USD 1,199","AED 4,399",2024
Vivo,X200 Pro 512GB,"PKR 249,999","USD 1,299","AED 4,699",2024
Vivo,X200 Pro Mini 256GB,"PKR 189,999",USD 949,"AED 3,499",2024
Vivo,V40e 128GB,"PKR 79,999",USD 449,"AED 1,649",2024
Vivo,Y200 GT 128GB,"PKR 69,999",USD 399,"AED 1,499",2024
Vivo,T3 5G 128GB,"PKR 59,999",USD 349,"AED 1,299",2024
Vivo,Y100 5G 128GB,"PKR 54,999",USD 299,"AED 1,099",2024
Vivo,S18 Pro 256GB,"PKR 99,999",USD 599,"AED 2,199",2024
Vivo,V30 Pro 128GB,"PKR 89,999",USD 549,"AED 1,999",2024
Vivo,iQOO 12 256GB,"PKR 109,999",USD 699,"AED 2,599",2024
Vivo,Z3 64GB,"PKR 39,999",USD 249,AED 899,2018
Vivo,V9 64GB,"PKR 34,999",USD 219,AED 799,2018
Vivo,X9 Plus 128GB,"PKR 42,999",USD 299,"AED 1,099",2017
Vivo,Y81 32GB,"PKR 22,999",USD 149,AED 549,2018
Vivo,X5Max 16GB,"PKR 29,999",USD 199,AED 699,2014
Vivo,V5 Plus 64GB,"PKR 39,999",USD 249,AED 899,2017
Vivo,Y95 64GB,"PKR 29,999",USD 199,AED 699,2018
Vivo,V3 Max 32GB,"PKR 24,999",USD 179,AED 649,2016
Vivo,X3S 16GB,"PKR 19,999",USD 139,AED 499,2014
Vivo,Y66 32GB,"PKR 27,999",USD 179,AED 649,2017
Vivo,V19 128GB,"PKR 49,999",USD 399,"AED 1,499",2020
Vivo,V19 256GB,"PKR 54,999",USD 429,"AED 1,599",2020
Vivo,V17 Pro 128GB,"PKR 54,999",USD 399,"AED 1,499",2019
Vivo,V17 Pro 256GB,"PKR 59,999",USD 429,"AED 1,599",2019
Vivo,Y12s 64GB,"PKR 18,999",USD 159,AED 599,2020
Vivo,Y12s 128GB,"PKR 22,999",USD 179,AED 699,2020
Vivo,S1 Pro 128GB,"PKR 39,999",USD 249,AED 999,2019
Vivo,S1 Pro 256GB,"PKR 44,999",USD 269,"AED 1,099",2019
Vivo,Y11 32GB,"PKR 18,499",USD 149,AED 599,2019
Vivo,Y11 64GB,"PKR 22,499",USD 169,AED 649,2019
Vivo,V15 128GB,"PKR 34,999",USD 299,"AED 1,099",2019
Vivo,V15 256GB,"PKR 39,999",USD 319,"AED 1,199",2019
Vivo,X27 Pro 128GB,"PKR 59,999",USD 499,"AED 1,799",2019
Vivo,X27 Pro 256GB,"PKR 64,999",USD 549,"AED 1,999",2019
Vivo,Y30 128GB,"PKR 24,999",USD 199,AED 749,2020
Vivo,Y30 64GB,"PKR 19,999",USD 169,AED 649,2020
Vivo,Z1 Pro 64GB,"PKR 29,999",USD 249,AED 899,2019
Vivo,Z1 Pro 128GB,"PKR 34,999",USD 299,AED 999,2019
Vivo,X21 128GB,"PKR 39,999",USD 349,"AED 1,199",2018
Vivo,X21 64GB,"PKR 34,999",USD 299,AED 999,2018
Vivo,V23e 128GB,"PKR 39,999",USD 299,"AED 1,099",2021
Vivo,V23e 256GB,"PKR 44,999",USD 349,"AED 1,199",2021
Vivo,Y33s 128GB,"PKR 34,999",USD 239,AED 899,2021
Vivo,Y33s 64GB,"PKR 29,999",USD 179,AED 799,2021
Vivo,X60 Pro 256GB,"PKR 109,999",USD 899,"AED 1,999",2021
Vivo,X60 Pro 512GB,"PKR 119,999",USD 999,"AED 2,099",2021
Vivo,V20 Pro 128GB,"PKR 49,999",USD 499,"AED 1,499",2020
Vivo,V20 Pro 256GB,"PKR 54,999",USD 549,"AED 1,699",2020
Vivo,Y75 5G 128GB,"PKR 54,999",USD 349,"AED 1,299",2021
Vivo,Y75 5G 256GB,"PKR 59,999",USD 399,"AED 1,499",2021
Vivo,Y53s 128GB,"PKR 34,999",USD 229,AED 899,2021
Vivo,Y53s 64GB,"PKR 29,999",USD 179,AED 799,2021
Vivo,V15 Pro 128GB,"PKR 44,999",USD 399,"AED 1,499",2019
Vivo,V15 Pro 256GB,"PKR 49,999",USD 449,"AED 1,699",2019
Vivo,X70 Pro 128GB,"PKR 99,999",USD 749,"AED 2,099",2021
Vivo,X70 Pro 256GB,"PKR 109,999",USD 799,"AED 2,299",2021
Vivo,T1 5G 128GB,"PKR 39,999",USD 269,AED 999,2022
Vivo,T1 5G 256GB,"PKR 44,999",USD 319,"AED 1,099",2022
Vivo,X30 Pro 128GB,"PKR 109,999",USD 899,"AED 2,299",2019
Vivo,X30 Pro 256GB,"PKR 119,999",USD 949,"AED 2,499",2019
Vivo,V27 128GB,"PKR 79,999",USD 599,"AED 1,699",2023
Vivo,V27 256GB,"PKR 84,999",USD 649,"AED 1,899",2023
Vivo,V27 Pro 128GB,"PKR 89,999",USD 699,"AED 1,899",2023
Vivo,V27 Pro 256GB,"PKR 94,999",USD 749,"AED 2,099",2023
Vivo,V25 Pro 128GB,"PKR 79,999",USD 599,"AED 1,599",2022
Vivo,V25 Pro 256GB,"PKR 85,999",USD 649,"AED 1,799",2022
Vivo,X90 Pro 256GB,"PKR 199,999","USD 1,099","AED 3,999",2022
Vivo,X90 Pro 512GB,"PKR 229,999","USD 1,199","AED 4,499",2022
Vivo,Y100 128GB,"PKR 59,999",USD 399,"AED 1,199",2023
Vivo,Y100 256GB,"PKR 64,999",USD 449,"AED 1,399",2023
Vivo,T2 Series 128GB,"PKR 49,999",USD 299,AED 999,2023
Vivo,T2 Series 256GB,"PKR 54,999",USD 349,"AED 1,099",2023
Vivo,V23 5G 128GB,"PKR 69,999",USD 499,"AED 1,499",2022
Vivo,V23 5G 256GB,"PKR 74,999",USD 549,"AED 1,699",2022
Vivo,X80 256GB,"PKR 179,999",USD 899,"AED 3,499",2022
Vivo,X80 512GB,"PKR 199,999",USD 999,"AED 3,999",2022
Vivo,Y21 128GB,"PKR 29,999",USD 199,AED 699,2021
Vivo,Y21 64GB,"PKR 26,999",USD 179,AED 599,2021
Vivo,Pad 128GB,"PKR 64,999",USD 329,"AED 1,199",2022
Vivo,Pad 2 256GB,"PKR 74,999",USD 399,"AED 1,399",2023
Vivo,Pad Air 128GB,"PKR 58,999",USD 279,AED 999,2023
Vivo,Pad 3 128GB,"PKR 62,999",USD 349,"AED 1,199",2023
Vivo,Pad 3 Pro 256GB,"PKR 84,999",USD 449,"AED 1,599",2023
Vivo,Pad 4 Pro 256GB,"PKR 94,999",USD 499,"AED 1,799",2024
iQOO,Pad 128GB,"PKR 69,999",USD 349,"AED 1,299",2023
iQOO,Pad 2 256GB,"PKR 79,999",USD 399,"AED 1,499",2024
iQOO,Pad 2 Pro 256GB,"PKR 89,999",USD 449,"AED 1,699",2024
Oppo,Find N3 512GB,"PKR 299,999","USD 1,399","AED 5,199",2023
Oppo,Find N3 Flip 256GB,"PKR 199,999",USD 999,"AED 3,699",2023
Oppo,Find X8 Pro 256GB,"PKR 249,999","USD 1,299","AED 4,799",2024
Oppo,Find X8 256GB,"PKR 199,999","USD 1,099","AED 4,099",2024
Oppo,Reno13 F 4G 256GB,"PKR 79,999",USD 499,"AED 1,899",2025
Oppo,Reno13 F 256GB,"PKR 79,999",USD 499,"AED 1,899",2025
Oppo,Reno13 Pro 512GB,"PKR 129,999",USD 799,"AED 2,999",2025
Oppo,Reno13 256GB,"PKR 99,999",USD 699,"AED 2,599",2025
Oppo,Reno12 F 4G 256GB,"PKR 69,999",USD 449,"AED 1,699",2024
Oppo,Reno12 F 256GB,"PKR 69,999",USD 449,"AED 1,699",2024
Oppo,Reno12 Pro 512GB,"PKR 119,999",USD 749,"AED 2,799",2024
Oppo,Reno12 256GB,"PKR 89,999",USD 599,"AED 2,199",2024
Oppo,Reno11 F 256GB,"PKR 79,999",USD 499,"AED 1,899",2024
Oppo,Reno11 Pro 512GB,"PKR 109,999",USD 699,"AED 2,599",2024
Oppo,A5 Pro 256GB,"PKR 89,999",USD 599,"AED 2,199",2024
Oppo,A5 Pro 512GB,"PKR 99,999",USD 699,"AED 2,499",2024
Oppo,A80 256GB,"PKR 79,999",USD 499,"AED 1,899",2024
Oppo,A3 4G 128GB,"PKR 59,999",USD 399,"AED 1,499",2024
Oppo,A3x 4G 128GB,"PKR 64,999",USD 449,"AED 1,699",2024
Oppo,A3x 4G 256GB,"PKR 69,999",USD 499,"AED 1,899",2024
Oppo,A3 128GB,"PKR 59,999",USD 399,"AED 1,499",2024
Oppo,A3x 128GB,"PKR 64,999",USD 449,"AED 1,699",2024
Oppo,A3x 256GB,"PKR 69,999",USD 499,"AED 1,899",2024
Oppo,A3 128GB,"PKR 59,999",USD 399,"AED 1,499",2024
Oppo,A60 128GB,"PKR 69,999",USD 449,"AED 1,699",2024
Oppo,A60 256GB,"PKR 74,999",USD 499,"AED 1,899",2024
Oppo,K12 Plus 256GB,"PKR 109,999",USD 699,"AED 2,599",2024
Oppo,K12 Plus 512GB,"PKR 119,999",USD 799,"AED 2,999",2024
Oppo,F27 128GB,"PKR 79,999",USD 499,"AED 1,899",2024
Oppo,F27 256GB,"PKR 84,999",USD 549,"AED 2,099",2024
Oppo,F27 Pro+ 256GB,"PKR 89,999",USD 599,"AED 2,199",2024
Oppo,F27 Pro+ 512GB,"PKR 99,999",USD 699,"AED 2,499",2024
Oppo,F25 Pro 128GB,"PKR 74,999",USD 549,"AED 1,999",2023
Oppo,F25 Pro 256GB,"PKR 79,999",USD 599,"AED 2,199",2023
Oppo,Pad 3 128GB,"PKR 99,999",USD 699,"AED 2,499",2024
Oppo,Pad 3 256GB,"PKR 109,999",USD 799,"AED 2,799",2024
Oppo,Pad 3 Pro 256GB,"PKR 119,999",USD 899,"AED 3,299",2024
Oppo,Pad 3 Pro 512GB,"PKR 129,999",USD 999,"AED 3,699",2024
Oppo,Pad Neo 128GB,"PKR 79,999",USD 499,"AED 1,899",2023
Oppo,Pad Neo 256GB,"PKR 89,999",USD 599,"AED 2,199",2023
Oppo,Find X7 Ultra 256GB,"PKR 199,999","USD 1,199","AED 4,399",2024
Oppo,Find X7 Ultra 512GB,"PKR 219,999","USD 1,299","AED 4,799",2024
Oppo,Find X7 256GB,"PKR 179,999","USD 1,099","AED 3,999",2024
Oppo,Find X7 512GB,"PKR 199,999","USD 1,199","AED 4,399",2024
Oppo,Find X6 Pro 256GB,"PKR 169,999",USD 999,"AED 3,699",2023
Oppo,Find X6 Pro 512GB,"PKR 189,999","USD 1,099","AED 4,099",2023
Oppo,Find X6 256GB,"PKR 149,999",USD 899,"AED 3,299",2023
Oppo,Find X6 512GB,"PKR 169,999",USD 999,"AED 3,699",2023
Oppo,Find X5 Pro 256GB,"PKR 159,999",USD 899,"AED 3,299",2022
Oppo,Find X5 Pro 512GB,"PKR 179,999",USD 999,"AED 3,699",2022
Oppo,Find X5 256GB,"PKR 139,999",USD 799,"AED 2,999",2022
Oppo,Find N2 Flip 256GB,"PKR 149,999",USD 899,"AED 3,299",2023
Oppo,Find N2 Flip 512GB,"PKR 169,999",USD 999,"AED 3,699",2023
Oppo,Find N2 256GB,"PKR 179,999","USD 1,099","AED 3,999",2022
Oppo,Reno10 5G 128GB,"PKR 129,999",USD 499,"AED 1,899",2023
Oppo,Reno10 5G 256GB,"PKR 149,999",USD 549,"AED 2,099",2023
Oppo,Reno10 Pro 5G 256GB,"PKR 169,999",USD 599,"AED 2,299",2023
Oppo,Reno10 Pro+ 5G 256GB,"PKR 199,999",USD 699,"AED 2,599",2023
Oppo,Reno9 5G 128GB,"PKR 109,999",USD 449,"AED 1,699",2022
Oppo,Reno9 5G 256GB,"PKR 129,999",USD 499,"AED 1,899",2022
Oppo,Reno9 Pro 5G 256GB,"PKR 159,999",USD 599,"AED 2,199",2022
Oppo,Reno9 Pro+ 5G 256GB,"PKR 189,999",USD 649,"AED 2,499",2022
Oppo,Reno8 5G 128GB,"PKR 89,999",USD 399,"AED 1,499",2022
Oppo,Reno8 5G 256GB,"PKR 99,999",USD 449,"AED 1,699",2022
Oppo,Reno8 Pro 5G 256GB,"PKR 129,999",USD 549,"AED 1,999",2022
Oppo,Reno8 Pro+ 5G 256GB,"PKR 139,999",USD 599,"AED 2,199",2022
Oppo,Reno7 5G 128GB,"PKR 79,999",USD 349,"AED 1,299",2021
Oppo,Reno7 5G 256GB,"PKR 89,999",USD 399,"AED 1,499",2021
Oppo,Reno7 Pro 5G 256GB,"PKR 109,999",USD 499,"AED 1,799",2021
Oppo,Reno6 5G 128GB,"PKR 79,999",USD 349,"AED 1,299",2021
Oppo,Reno6 5G 256GB,"PKR 89,999",USD 399,"AED 1,499",2021
Oppo,Reno6 Pro 5G 128GB,"PKR 99,999",USD 449,"AED 1,699",2021
Oppo,Reno6 Pro 5G 256GB,"PKR 109,999",USD 499,"AED 1,899",2021
Oppo,Reno6 Pro+ 5G 256GB,"PKR 129,999",USD 599,"AED 2,199",2021
Oppo,Reno5 5G 128GB,"PKR 69,999",USD 299,"AED 1,099",2020
Oppo,Reno5 5G 256GB,"PKR 79,999",USD 349,"AED 1,299",2020
Oppo,Reno5 Pro 5G 128GB,"PKR 89,999",USD 399,"AED 1,499",2020
Oppo,Reno5 Pro 5G 256GB,"PKR 99,999",USD 449,"AED 1,699",2020
Oppo,Reno5 Pro+ 5G 256GB,"PKR 119,999",USD 599,"AED 2,099",2020
Oppo,Reno4 5G 128GB,"PKR 59,999",USD 299,AED 999,2020
Oppo,Reno4 5G 256GB,"PKR 69,999",USD 349,"AED 1,199",2020
Oppo,Reno4 Pro 5G 256GB,"PKR 99,999",USD 499,"AED 1,799",2020
Oppo,Reno3 5G 128GB,"PKR 49,999",USD 249,AED 899,2019
Oppo,Reno3 5G 256GB,"PKR 59,999",USD 299,"AED 1,099",2019
Oppo,Reno3 Pro 5G 256GB,"PKR 79,999",USD 499,"AED 1,799",2019
Oppo,A59 5G 128GB,"PKR 39,999",USD 199,"AED 1,000",2023
Oppo,A59 5G 256GB,"PKR 44,999",USD 229,"AED 1,200",2023
Oppo,A58 5G 256GB,"PKR 49,999",USD 249,"AED 1,300",2022
Oppo,A57 5G 128GB,"PKR 34,999",USD 219,"AED 1,100",2022
Oppo,A56 5G 128GB,"PKR 32,999",USD 199,"AED 1,000",2021
Oppo,A55 5G 128GB,"PKR 29,999",USD 189,AED 950,2021
Oppo,A54 5G 128GB,"PKR 34,999",USD 219,"AED 1,100",2021
Oppo,A53 5G 128GB,"PKR 27,999",USD 179,AED 900,2020
Oppo,A52 5G 128GB,"PKR 25,999",USD 169,AED 850,2020
Oppo,A51 5G 128GB,"PKR 23,999",USD 149,AED 800,2020
Oppo,A50 5G 128GB,"PKR 21,999",USD 139,AED 750,2020
Oppo,A49 5G 128GB,"PKR 19,999",USD 129,AED 700,2020
Oppo,A40 128GB,"PKR 39,999",USD 199,"AED 1,000",2024
Oppo,A40 256GB,"PKR 44,999",USD 229,"AED 1,200",2024
Oppo,K11x 128GB,"PKR 59,999",USD 199,"AED 1,000",2023
Oppo,K11x 256GB,"PKR 64,999",USD 229,"AED 1,200",2023
Oppo,K10x 128GB,"PKR 54,999",USD 199,"AED 1,000",2022
Oppo,K10x 256GB,"PKR 59,999",USD 229,"AED 1,200",2022
Oppo,K10 5G 128GB,"PKR 64,999",USD 249,"AED 1,300",2022
Oppo,K9x 128GB,"PKR 49,999",USD 199,"AED 1,000",2021
Oppo,K9x 256GB,"PKR 54,999",USD 229,"AED 1,200",2021
Oppo,K9 Pro 5G 128GB,"PKR 69,999",USD 299,"AED 1,500",2021
Oppo,K9 Pro 5G 256GB,"PKR 74,999",USD 329,"AED 1,700",2021
Oppo,K9 5G 128GB,"PKR 59,999",USD 279,"AED 1,400",2021
Oppo,K9 5G 256GB,"PKR 64,999",USD 299,"AED 1,500",2021
Oppo,K7x 128GB,"PKR 44,999",USD 199,"AED 1,000",2020
Oppo,K7 5G 128GB,"PKR 49,999",USD 279,"AED 1,400",2020
Oppo,K7 5G 256GB,"PKR 54,999",USD 299,"AED 1,500",2020
Oppo,K11x 128GB,"PKR 59,999",USD 199,"AED 1,000",2023
Oppo,K11x 256GB,"PKR 64,999",USD 229,"AED 1,200",2023
Oppo,K11 128GB,"PKR 69,999",USD 259,"AED 1,300",2023
Oppo,K11 256GB,"PKR 74,999",USD 299,"AED 1,500",2023
Oppo,K10x 128GB,"PKR 54,999",USD 199,"AED 1,000",2022
Oppo,K10x 256GB,"PKR 59,999",USD 229,"AED 1,200",2022
Oppo,K10 5G 128GB,"PKR 64,999",USD 249,"AED 1,300",2022
Oppo,K10 5G 256GB,"PKR 69,999",USD 279,"AED 1,500",2022
Oppo,K9x 128GB,"PKR 49,999",USD 199,"AED 1,000",2021
Oppo,K9x 256GB,"PKR 54,999",USD 229,"AED 1,200",2021
Oppo,K9 Pro 5G 128GB,"PKR 69,999",USD 299,"AED 1,500",2021
Oppo,K9 Pro 5G 256GB,"PKR 74,999",USD 329,"AED 1,700",2021
Oppo,K9 5G 128GB,"PKR 59,999",USD 279,"AED 1,400",2021
Oppo,K9 5G 256GB,"PKR 64,999",USD 299,"AED 1,500",2021
Oppo,K7x 128GB,"PKR 44,999",USD 199,"AED 1,000",2020
Oppo,K7 5G 128GB,"PKR 49,999",USD 279,"AED 1,400",2020
Realme,GT 7 Pro 128GB,"PKR 139,999",USD 470,"AED 1,725",2024
Realme,GT 7 Pro 256GB,"PKR 149,999",USD 500,"AED 1,840",2024
Realme,GT 6 128GB,"PKR 89,999",USD 380,"AED 1,400",2023
Realme,GT 6 256GB,"PKR 94,999",USD 400,"AED 1,460",2023
Realme,GT 6 512GB,"PKR 99,999",USD 420,"AED 1,520",2023
Realme,GT 6T 128GB,"PKR 84,999",USD 360,"AED 1,330",2023
Realme,GT 6T 256GB,"PKR 89,999",USD 380,"AED 1,400",2023
Realme,14 Pro+ 5G 256GB,"PKR 94,999",USD 340,"AED 1,250",2025
Realme,14 Pro+ 5G 512GB,"PKR 99,999",USD 360,"AED 1,320",2025
Realme,14 Pro 5G 128GB,"PKR 79,999",USD 320,"AED 1,150",2025
Realme,14 Pro 5G 256GB,"PKR 84,999",USD 340,"AED 1,210",2025
Realme,14x 5G 128GB,"PKR 64,999",USD 270,AED 970,2025
Realme,14x 5G 256GB,"PKR 69,999",USD 290,"AED 1,030",2025
Realme,13+ 5G 128GB,"PKR 59,999",USD 250,AED 900,2024
Realme,13+ 5G 256GB,"PKR 64,999",USD 270,AED 970,2024
Realme,13 5G 128GB,"PKR 49,999",USD 220,AED 800,2024
Realme,13 5G 256GB,"PKR 54,999",USD 240,AED 860,2024
Realme,13 Pro 5G 128GB,"PKR 74,999",USD 300,"AED 1,070",2024
Realme,13 Pro 5G 256GB,"PKR 79,999",USD 320,"AED 1,140",2024
Realme,13 Pro+ 5G 256GB,"PKR 94,999",USD 360,"AED 1,320",2024
Realme,13 Pro+ 5G 512GB,"PKR 99,999",USD 380,"AED 1,390",2024
Realme,P1 Speed 5G 128GB,"PKR 54,999",USD 250,AED 900,2024
Realme,P1 Speed 5G 256GB,"PKR 59,999",USD 270,AED 960,2024
Realme,P2 Pro 5G 256GB,"PKR 89,999",USD 340,"AED 1,210",2024
Realme,P2 Pro 5G 512GB,"PKR 94,999",USD 360,"AED 1,280",2024
Realme,P1 5G 128GB,"PKR 44,999",USD 200,AED 720,2024
Realme,P1 5G 256GB,"PKR 49,999",USD 220,AED 780,2024
Realme,P1 Pro 5G 128GB,"PKR 59,999",USD 270,AED 960,2024
Realme,P1 Pro 5G 256GB,"PKR 64,999",USD 290,"AED 1,020",2024
Realme,Narzo 70 Turbo 5G 128GB,"PKR 54,999",USD 240,AED 860,2024
Realme,Narzo 70 Turbo 5G 256GB,"PKR 59,999",USD 260,AED 920,2024
Realme,Narzo N61 128GB,"PKR 39,999",USD 180,AED 660,2024
Realme,Narzo N63 128GB,"PKR 37,999",USD 160,AED 600,2024
Realme,Narzo N65 5G 128GB,"PKR 47,999",USD 210,AED 780,2024
Realme,Narzo 70 5G 128GB,"PKR 52,999",USD 230,AED 830,2024
Realme,C75 128GB,"PKR 37,999",USD 160,AED 600,2024
Realme,C75 256GB,"PKR 42,999",USD 180,AED 660,2024
Realme,C61 128GB,"PKR 32,999",USD 130,AED 500,2024
Realme,C67 128GB,"PKR 39,999",USD 170,AED 620,2024
Realme,C67 256GB,"PKR 44,999",USD 190,AED 680,2024
Realme,C65 128GB,"PKR 37,999",USD 160,AED 600,2024
Realme,C65 256GB,"PKR 42,999",USD 180,AED 660,2024
Realme,C63 128GB,"PKR 36,999",USD 150,AED 580,2024
Realme,C55 128GB,"PKR 39,999",USD 170,AED 620,2023
Realme,C55 256GB,"PKR 44,999",USD 190,AED 680,2023
Realme,Note 60x 128GB,"PKR 47,999",USD 210,AED 780,2024
Realme,Note 60 128GB,"PKR 49,999",USD 220,AED 820,2024
Realme,Note 60 256GB,"PKR 54,999",USD 240,AED 880,2024
Realme,Note 50 128GB,"PKR 42,999",USD 170,AED 620,2024
Realme,GT 7 128GB,"PKR 124,999",USD 440,"AED 1,620",2024
Realme,GT 7 256GB,"PKR 139,999",USD 500,"AED 1,800",2024
Realme,Neo 7 128GB,"PKR 79,999",USD 330,"AED 1,200",2024
Realme,Neo 7 256GB,"PKR 94,999",USD 380,"AED 1,400",2024
Realme,P2 Pro 5G 128GB,"PKR 84,999",USD 350,"AED 1,250",2024
Realme,P2 Pro 5G 256GB,"PKR 99,999",USD 400,"AED 1,400",2024
Realme,Pad 64GB,"PKR 57,999",USD 200,AED 740,2021
Realme,Pad 128GB,"PKR 64,999",USD 230,AED 850,2021
Realme,Pad 2 128GB,"PKR 74,999",USD 280,"AED 1,050",2023
Realme,Pad 2 256GB,"PKR 84,999",USD 320,"AED 1,200",2023
Realme,Pad 2 Lite 64GB,"PKR 54,999",USD 190,AED 700,2023
Realme,Pad 2 Lite 128GB,"PKR 61,999",USD 210,AED 770,2023
Realme,Pad X 64GB,"PKR 79,999",USD 310,"AED 1,150",2022
Realme,Pad X 128GB,"PKR 89,999",USD 350,"AED 1,300",2022
Realme,Pad Mini 32GB,"PKR 44,999",USD 160,AED 600,2022
Realme,Pad Mini 64GB,"PKR 49,999",USD 180,AED 660,2022
Realme,Pad Slim 64GB,"PKR 56,999",USD 200,AED 730,2022
Realme,Pad Slim 128GB,"PKR 62,999",USD 220,AED 800,2022
Realme,TechLife Pad Neo 64GB,"PKR 59,999",USD 210,AED 770,2024
Realme,TechLife Pad Neo 128GB,"PKR 64,999",USD 230,AED 850,2024
Xiaomi,Xiaomi 15 Pro 256GB,"PKR 199,999",USD 799,"AED 3,299",2024
Xiaomi,Xiaomi 15 Pro 512GB,"PKR 219,999",USD 899,"AED 3,699",2024
Xiaomi,Xiaomi 15 Pro 1TB,"PKR 239,999",USD 999,"AED 4,099",2024
Xiaomi,Xiaomi 15 256GB,"PKR 179,999",USD 699,"AED 2,899",2024
Xiaomi,Xiaomi 15 512GB,"PKR 199,999",USD 799,"AED 3,299",2024
Xiaomi,Xiaomi 14T Pro 256GB,"PKR 169,999",USD 634.99,"AED 2,699",2024
Xiaomi,Xiaomi 14T Pro 512GB,"PKR 189,999",USD 790.77,"AED 2,999",2024
Xiaomi,Xiaomi 14T Pro 1TB,"PKR 209,999",USD 899,"AED 3,299",2024
Xiaomi,Xiaomi 14T 256GB,"PKR 149,999",USD 599,"AED 2,499",2024
Xiaomi,Xiaomi 14T 512GB,"PKR 169,999",USD 699,"AED 2,799",2024
Xiaomi,Xiaomi 14 Pro 256GB,"PKR 189,999",USD 799,"AED 3,299",2023
Xiaomi,Xiaomi 14 Pro 512GB,"PKR 209,999",USD 899,"AED 3,699",2023
Xiaomi,Xiaomi 14 256GB,"PKR 169,999",USD 699,"AED 2,899",2023
Xiaomi,Xiaomi 14 512GB,"PKR 189,999",USD 799,"AED 3,299",2023
Xiaomi,Redmi Note 14 Pro+ 5G 128GB,"PKR 89,999",USD 374.90,"AED 1,499",2024
Xiaomi,Redmi Note 14 Pro+ 5G 256GB,"PKR 99,999",USD 399.00,"AED 1,599",2024
Xiaomi,Redmi Note 14 Pro+ 5G 512GB,"PKR 109,999",USD 429.00,"AED 1,699",2024
Xiaomi,Redmi Note 14 Pro 5G 128GB,"PKR 79,999",USD 349.00,"AED 1,399",2024
Xiaomi,Redmi Note 14 Pro 5G 256GB,"PKR 89,999",USD 379.00,"AED 1,499",2024
Xiaomi,Redmi Note 14 Pro 4G 128GB,"PKR 69,999",USD 299.00,"AED 1,199",2024
Xiaomi,Redmi Note 14 Pro 4G 256GB,"PKR 79,999",USD 329.00,"AED 1,299",2024
Xiaomi,Redmi Note 14 5G 128GB,"PKR 59,999",USD 279.00,"AED 1,099",2024
Xiaomi,Redmi Note 14 5G 256GB,"PKR 69,999",USD 309.00,"AED 1,199",2024
Xiaomi,Redmi Note 14 4G 128GB,"PKR 49,999",USD 249.00,AED 999,2024
Xiaomi,Redmi Note 14 4G 256GB,"PKR 59,999",USD 279.00,"AED 1,099",2024
Xiaomi,Redmi 14C 5G 64GB,"PKR 39,999",USD 199.00,AED 799,2024
Xiaomi,Redmi 14C 5G 128GB,"PKR 44,999",USD 229.00,AED 899,2024
Lenovo,Legion Y70 128GB,"PKR 139,999",USD 499,"AED 1,899",2022
Lenovo,Legion Y70 256GB,"PKR 159,999",USD 549,"AED 2,099",2022
Lenovo,Legion Y70 512GB,"PKR 179,999",USD 599,"AED 2,299",2022
Lenovo,K14 Plus 64GB,"PKR 29,999",USD 199,AED 749,2022
Lenovo,K14 Plus 128GB,"PKR 34,999",USD 229,AED 849,2022
Lenovo,K13 Pro 128GB,"PKR 39,999",USD 249,AED 949,2021
Lenovo,K13 32GB,"PKR 19,999",USD 149,AED 549,2021
Lenovo,K13 Note 64GB,"PKR 29,999",USD 199,AED 749,2021
Lenovo,K10 Plus 64GB,"PKR 24,999",USD 179,AED 699,2019
Lenovo,A6 Note 32GB,"PKR 19,999",USD 149,AED 549,2019
Lenovo,K10 Note 64GB,"PKR 29,999",USD 219,AED 799,2019
Lenovo,K10 Note 128GB,"PKR 34,999",USD 249,AED 899,2019
Lenovo,Z6 Pro 128GB,"PKR 69,999",USD 429,"AED 1,599",2019
Lenovo,Z6 Pro 256GB,"PKR 79,999",USD 479,"AED 1,799",2019
Lenovo,Z5 Pro 64GB,"PKR 49,999",USD 299,"AED 1,099",2018
Motorola,Edge 50 Fusion 128GB,"PKR 139,999",USD 499,"AED 1,899",2024
Motorola,Edge 50 Fusion 256GB,"PKR 159,999",USD 549,"AED 2,099",2024
Motorola,Edge 50 Pro 128GB,"PKR 169,999",USD 549,"AED 2,099",2024
Motorola,Edge 50 Pro 256GB,"PKR 189,999",USD 599,"AED 2,299",2024
Motorola,Razr 128GB,"PKR 199,999",USD 999,"AED 3,699",2023
Motorola,Razr 256GB,"PKR 219,999","USD 1,099","AED 3,999",2023
Motorola,G84 5G 128GB,"PKR 79,999",USD 299,"AED 1,099",2023
Motorola,G84 5G 256GB,"PKR 89,999",USD 349,"AED 1,299",2023
Motorola,Moto G Stylus 64GB,"PKR 49,999",USD 199,AED 799,2023
Motorola,Moto G Stylus 128GB,"PKR 54,999",USD 249,AED 899,2023
Motorola,One Vision 3 128GB,"PKR 39,999",USD 299,"AED 1,099",2024
Motorola,One Vision 3 256GB,"PKR 44,999",USD 349,"AED 1,299",2024
Motorola,Edge 50 Lite 128GB,"PKR 59,999",USD 399,"AED 1,499",2024
Motorola,Edge 50 Lite 256GB,"PKR 64,999",USD 449,"AED 1,699",2024
Motorola,Moto E40 Plus 64GB,"PKR 29,999",USD 199,AED 749,2023
Motorola,Moto E40 Plus 128GB,"PKR 34,999",USD 229,AED 849,2023
Motorola,Moto G Power 64GB,"PKR 39,999",USD 249,AED 949,2022
Motorola,Moto G Power 128GB,"PKR 44,999",USD 279,"AED 1,049",2022
Motorola,Moto G Play 32GB,"PKR 24,999",USD 149,AED 549,2022
Motorola,Moto G Play 64GB,"PKR 29,999",USD 179,AED 649,2022
Motorola,Moto G75 5G 128GB,"PKR 89,999",USD 320,"AED 1,175",2024
Motorola,Moto G75 5G 256GB,"PKR 99,999",USD 370,"AED 1,350",2024
Motorola,Moto S50 128GB,"PKR 79,999",USD 300,"AED 1,100",2024
Motorola,Moto S50 256GB,"PKR 89,999",USD 350,"AED 1,275",2024
Motorola,Edge 50 Neo 256GB,"PKR 99,999",USD 400,"AED 1,500",2024
Motorola,Edge 50 Neo 512GB,"PKR 109,999",USD 450,"AED 1,675",2024
Motorola,Moto G55 128GB,"PKR 69,999",USD 270,"AED 1,000",2024
Motorola,Moto G55 256GB,"PKR 79,999",USD 320,"AED 1,175",2024
Motorola,Moto G35 128GB,"PKR 49,999",USD 200,AED 750,2024
Motorola,Moto G35 256GB,"PKR 59,999",USD 250,AED 925,2024
Motorola,Moto G45 128GB,"PKR 59,999",USD 250,AED 925,2024
Motorola,Moto G45 256GB,"PKR 69,999",USD 300,"AED 1,100",2024
Motorola,Edge 50 256GB,"PKR 109,999",USD 450,"AED 1,675",2024
Motorola,Edge 50 512GB,"PKR 119,999",USD 500,"AED 1,850",2024
Motorola,Razr 50 Ultra 512GB,"PKR 249,999","USD 1,199","AED 4,399",2024
Motorola,Razr 50 256GB,"PKR 199,999",USD 999,"AED 3,699",2024
Motorola,Moto G85 128GB,"PKR 79,999",USD 320,"AED 1,175",2024
Motorola,Moto G85 256GB,"PKR 89,999",USD 370,"AED 1,350",2024
Motorola,S50 Neo 256GB,"PKR 69,999",USD 300,"AED 1,100",2024
Motorola,S50 Neo 512GB,"PKR 79,999",USD 350,"AED 1,275",2024
Motorola,Moto E14 64GB,"PKR 29,999",USD 150,AED 550,2024
Motorola,Moto E14 128GB,"PKR 34,999",USD 180,AED 650,2024
Motorola,Edge 256GB,"PKR 109,999",USD 450,"AED 1,675",2024
Motorola,Edge 512GB,"PKR 119,999",USD 500,"AED 1,850",2024
Motorola,Moto X50 Ultra 512GB,"PKR 299,999","USD 1,499","AED 5,499",2024
Motorola,Moto G Stylus 5G 256GB,"PKR 69,999",USD 300,"AED 1,100",2024
Motorola,Moto G Stylus 5G 512GB,"PKR 79,999",USD 350,"AED 1,275",2024
Motorola,Edge 50 Ultra 512GB,"PKR 299,999","USD 1,499","AED 5,499",2024
Motorola,Edge 30 Fusion 128GB,"PKR 119,999",USD 699,"AED 2,599",2022
Motorola,Edge 30 Fusion 256GB,"PKR 129,999",USD 749,"AED 2,799",2022
Motorola,Edge 30 Neo 128GB,"PKR 89,999",USD 499,"AED 1,799",2022
Motorola,Edge 30 Neo 256GB,"PKR 99,999",USD 549,"AED 1,999",2022
Motorola,Moto G82 5G 128GB,"PKR 64,999",USD 399,"AED 1,499",2022
Motorola,Moto G82 5G 256GB,"PKR 74,999",USD 449,"AED 1,699",2022
Motorola,Moto G62 5G 128GB,"PKR 54,999",USD 349,"AED 1,299",2022
Motorola,Moto G62 5G 256GB,"PKR 64,999",USD 399,"AED 1,499",2022
Motorola,Moto G42 128GB,"PKR 44,999",USD 299,"AED 1,099",2022
Motorola,Moto G32 128GB,"PKR 39,999",USD 279,AED 999,2022
Motorola,Moto E32s 64GB,"PKR 29,999",USD 199,AED 749,2022
Motorola,Moto E22i 32GB,"PKR 24,999",USD 179,AED 699,2022
Motorola,Moto E22 64GB,"PKR 27,999",USD 199,AED 749,2022
Motorola,Moto G22 64GB,"PKR 34,999",USD 249,AED 899,2022
Huawei,P50,"PKR 129,999",USD 699,"AED 2,599",2021
Huawei,P50 Pro,"PKR 149,999",USD 899,"AED 3,299",2021
Huawei,P50 Pocket,"PKR 199,999","USD 1,299","AED 4,799",2021
Huawei,Mate 40E,"PKR 139,999",USD 799,"AED 2,999",2021
Huawei,Mate X2,"PKR 349,999","USD 2,699","AED 9,999",2021
Huawei,Nova 9,"PKR 89,999",USD 499,"AED 1,899",2021
Huawei,Nova 9 Pro,"PKR 109,999",USD 599,"AED 2,199",2021
Huawei,P50E,"PKR 119,999",USD 649,"AED 2,399",2022
Huawei,Mate Xs 2,"PKR 299,999","USD 2,499","AED 8,999",2022
Huawei,Mate 50,"PKR 169,999",USD 999,"AED 3,699",2022
Huawei,Mate 50 Pro,"PKR 189,999","USD 1,199","AED 4,399",2022
Huawei,Nova 10,"PKR 99,999",USD 499,"AED 1,899",2022
Huawei,Nova 10 Pro,"PKR 119,999",USD 599,"AED 2,199",2022
Huawei,Nova 10 SE,"PKR 79,999",USD 399,"AED 1,499",2022
Huawei,P60,"PKR 169,999",USD 999,"AED 3,699",2023
Huawei,P60 Pro,"PKR 189,999","USD 1,099","AED 4,199",2023
Huawei,P60 Art,"PKR 219,999","USD 1,299","AED 4,799",2023
Huawei,Mate X3,"PKR 349,999","USD 2,499","AED 9,999",2023
Huawei,Mate 60,"PKR 199,999","USD 1,099","AED 4,099",2023
Huawei,Mate 60 Pro,"PKR 229,999","USD 1,299","AED 4,699",2023
Huawei,Mate 60 Pro+,"PKR 249,999","USD 1,499","AED 5,199",2023
Huawei,Nova 11,"PKR 89,999",USD 499,"AED 1,899",2023
Huawei,Nova 11 Pro,"PKR 109,999",USD 599,"AED 2,199",2023
Huawei,Nova 11 Ultra,"PKR 129,999",USD 699,"AED 2,499",2023
Huawei,Pura 70,"PKR 169,999",USD 999,"AED 3,699",2024
Huawei,Pura 70 Pro,"PKR 189,999","USD 1,099","AED 4,199",2024
Huawei,Pura 70 Pro+,"PKR 209,999","USD 1,199","AED 4,699",2024
Huawei,Pura 70 Ultra,"PKR 229,999","USD 1,299","AED 5,199",2024
Huawei,Mate 70,"PKR 179,999",USD 899,"AED 3,399",2024
Huawei,Mate 70 Pro,"PKR 199,999",USD 999,"AED 3,899",2024
Huawei,Mate 70 Pro+,"PKR 219,999","USD 1,099","AED 4,399",2024
Huawei,Mate X6,"PKR 349,999","USD 2,499","AED 9,999",2024
Huawei,Nova 12,"PKR 89,999",USD 499,"AED 1,899",2024
Huawei,Nova 12 Pro,"PKR 109,999",USD 599,"AED 2,199",2024
Huawei,Mate XT 256GB,"PKR 359,999","USD 2,599","AED 10,499",2024
Huawei,Mate XT 512GB,"PKR 389,999","USD 2,799","AED 11,099",2024
Huawei,Nova 13 256GB,"PKR 94,999",USD 529,"AED 1,999",2024
Huawei,Nova 13 512GB,"PKR 109,999",USD 599,"AED 2,299",2024
Huawei,Nova 13 Pro 256GB,"PKR 119,999",USD 649,"AED 2,399",2024
Huawei,Nova 13 Pro 512GB,"PKR 134,999",USD 729,"AED 2,699",2024
Nokia,G42 5G 128GB,"PKR 74,999",USD 229,AED 849,2023
Nokia,G20 64GB,"PKR 48,999",USD 169,AED 629,2021
Nokia,G20 128GB,"PKR 54,999",USD 189,AED 699,2021
Nokia,C32 64GB,"PKR 39,999",USD 139,AED 499,2023
Nokia,C32 128GB,"PKR 44,999",USD 159,AED 549,2023
Nokia,G21 64GB,"PKR 46,999",USD 169,AED 619,2022
Nokia,G21 128GB,"PKR 52,999",USD 189,AED 699,2022
Nokia,C22 64GB,"PKR 34,999",USD 119,AED 449,2023
Nokia,C22 128GB,"PKR 38,999",USD 139,AED 499,2023
Nokia,G400 128GB,"PKR 79,999",USD 239,AED 899,2022
Sony,Xperia 1 IV 256GB,"PKR 429,999","USD 1,599","AED 5,799",2022
Sony,Xperia 5 IV 128GB,"PKR 319,999",USD 999,"AED 3,799",2022
Sony,Xperia 10 IV 128GB,"PKR 179,999",USD 499,"AED 1,799",2022
Sony,Xperia 1 V 256GB,"PKR 449,999","USD 1,699","AED 5,999",2023
Sony,Xperia 5 V 128GB,"PKR 339,999","USD 1,099","AED 4,099",2023
Sony,Xperia 10 V 128GB,"PKR 199,999",USD 599,"AED 1,999",2023
Sony,Xperia 1 VI 256GB,"PKR 469,999","USD 1,799","AED 6,199",2024
Sony,Xperia 5 VI 128GB,"PKR 349,999","USD 1,199","AED 4,399",2024
Sony,Xperia 10 VI 128GB,"PKR 209,999",USD 699,"AED 2,199",2024
Nokia,T21,"PKR 52,000","USD 396,22",AED 870,2022
Huawei,MatePad Pro 12.2 512GB,"PKR 161,500",USD 999,"AED 2,199",2024
Huawei,MatePad Pro 13.2 512GB,"PKR 197,000",USD 877,"AED 2,199",2024
Google,Pixel 3a 64GB,"PKR 69,999",USD 399,"AED 1,599",2019
Google,Pixel 3a XL 64GB,"PKR 79,999",USD 479,"AED 1,799",2019
Google,Pixel 4 64GB,"PKR 119,999",USD 799,"AED 3,199",2019
Google,Pixel 4 XL 64GB,"PKR 139,999",USD 899,"AED 3,599",2019
Google,Pixel 4a 128GB,"PKR 89,999",USD 349,"AED 1,399",2020
Google,Pixel 4a 5G 128GB,"PKR 109,999",USD 499,"AED 1,999",2020
Google,Pixel 5 128GB,"PKR 139,999",USD 699,"AED 2,799",2020
Google,Pixel 5a 128GB,"PKR 109,999",USD 449,"AED 1,799",2021
Google,Pixel 6 128GB,"PKR 159,999",USD 699,"AED 2,999",2021
Google,Pixel 6 Pro 256GB,"PKR 199,999",USD 899,"AED 3,499",2021
Google,Pixel 6a 128GB,"PKR 129,999",USD 449,"AED 1,999",2022
Google,Pixel 7 128GB,"PKR 169,999",USD 599,"AED 2,399",2022
Google,Pixel 7 Pro 256GB,"PKR 229,999",USD 899,"AED 3,599",2022
Google,Pixel 7a 128GB,"PKR 139,999",USD 499,"AED 2,199",2023
Google,Pixel 8 128GB,"PKR 179,999",USD 699,"AED 2,799",2023
Google,Pixel 8 Pro 256GB,"PKR 249,999",USD 999,"AED 3,999",2023
Google,Pixel 8a 128GB,"PKR 149,999",USD 549,"AED 2,399",2024
Google,Pixel 9 128GB,"PKR 189,999",USD 799,"AED 3,199",2024
Google,Pixel 9 Pro 256GB,"PKR 259,999","USD 1,099","AED 4,199",2024
Google,Pixel 9 Pro XL 512GB,"PKR 299,999","USD 1,299","AED 4,999",2024
Google,Pixel 9 Pro Fold 512GB,"PKR 399,999","USD 1,799","AED 6,999",2024
Tecno,Spark Go 1S 64GB,"PKR 27,999",USD 129,AED 499,2024
Tecno,Megapad 11 256GB,"PKR 69,999",USD 349,"AED 1,299",2024
Tecno,Pop 9 4G 64GB,"PKR 22,999",USD 99,AED 399,2024
Tecno,Megapad 128GB,"PKR 59,999",USD 299,"AED 1,099",2024
Tecno,Camon 30S 256GB,"PKR 89,999",USD 499,"AED 1,999",2024
Tecno,Spark 30C 5G 128GB,"PKR 39,999",USD 199,AED 749,2024
Tecno,Spark 30 5G 128GB,"PKR 42,999",USD 229,AED 849,2024
Tecno,Pop 9 64GB,"PKR 21,999",USD 89,AED 349,2024
Tecno,Spark 30 Pro 256GB,"PKR 54,999",USD 269,AED 999,2024
Tecno,Spark 30 128GB,"PKR 34,999",USD 179,AED 699,2024
Tecno,Phantom V Fold2 512GB,"PKR 399,999","USD 1,799","AED 6,999",2024
Tecno,Phantom V Flip2 256GB,"PKR 159,999",USD 999,"AED 3,999",2024
Tecno,Pova 6 Neo 5G 256GB,"PKR 69,999",USD 349,"AED 1,299",2024
Tecno,Spark 30C 128GB,"PKR 32,999",USD 149,AED 599,2024
Tecno,Spark Go 1 64GB,"PKR 22,999",USD 99,AED 399,2024
Tecno,Camon 30S Pro 512GB,"PKR 159,999","USD 1,099","AED 4,199",2024
Tecno,Spark 20P 128GB,"PKR 37,999",USD 179,AED 699,2024
Tecno,Spark 20 Pro 5G 256GB,"PKR 59,999",USD 329,"AED 1,199",2024
Tecno,Pova 6 Neo 256GB,"PKR 55,999",USD 299,"AED 1,099",2024
Tecno,Camon 30 Premier 512GB,"PKR 179,999","USD 1,199","AED 4,499",2024
Tecno,Camon 30 Pro 512GB,"PKR 129,999",USD 899,"AED 3,299",2024
Tecno,Camon 30 5G 256GB,"PKR 89,999",USD 499,"AED 1,999",2024
Tecno,Camon 30 128GB,"PKR 69,999",USD 349,"AED 1,299",2024
Tecno,Pova 6 Pro 512GB,"PKR 159,999","USD 1,099","AED 4,199",2024
Tecno,Spark 20 Pro+ 256GB,"PKR 54,999",USD 269,AED 999,2024
Tecno,Spark 20 Pro 128GB,"PKR 39,999",USD 199,AED 749,2024
Tecno,Spark 20 128GB,"PKR 34,999",USD 179,AED 699,2024
Tecno,Spark 20C 128GB,"PKR 32,999",USD 149,AED 599,2024
Tecno,Spark Go 2024 64GB,"PKR 22,999",USD 99,AED 399,2024
Tecno,Pop 8 64GB,"PKR 21,999",USD 89,AED 349,2024
Tecno,Camon 20s Pro 5G 512GB,"PKR 159,999","USD 1,099","AED 4,199",2024
Tecno,Camon 20s Pro 256GB,"PKR 129,999",USD 899,"AED 3,499",2024
Tecno,Camon 20s 256GB,"PKR 79,999",USD 449,"AED 1,799",2024
Tecno,Camon 20 Premier 512GB,"PKR 149,999","USD 1,049","AED 3,999",2024
Tecno,Camon 20 Pro 5G 256GB,"PKR 89,999",USD 499,"AED 1,999",2024
Tecno,Camon 20 Pro 128GB,"PKR 69,999",USD 349,"AED 1,299",2024
Tecno,Camon 20 128GB,"PKR 69,999",USD 349,"AED 1,299",2024
Tecno,Pova 5G 512GB,"PKR 119,999",USD 699,"AED 2,799",2024
Tecno,Pova 5 256GB,"PKR 59,999",USD 329,"AED 1,199",2024
Infinix,Xpad,"PKR 54,999",USD 299,"AED 1,099",2024
Infinix,Xpad 5G,"PKR 79,999",USD 399,"AED 1,499",2024
Infinix,Xpad Lite,"PKR 39,999",USD 219,AED 799,2024
Infinix,Xpad Pro,"PKR 99,999",USD 549,"AED 1,999",2024
Infinix,Hot 50,"PKR 39,999",USD 219,AED 799,2024
Infinix,Hot 50i,"PKR 32,999",USD 179,AED 699,2024
Infinix,Hot 50 5G,"PKR 48,999",USD 289,"AED 1,049",2024
Infinix,Hot 50 Pro,"PKR 45,999",USD 269,AED 999,2024
Infinix,Hot 50 Pro+,"PKR 64,999",USD 379,"AED 1,399",2024
Infinix,GT 20 Pro,"PKR 89,999",USD 449,"AED 1,699",2024
Infinix,Note 40X 5G,"PKR 64,999",USD 349,"AED 1,299",2024
Infinix,Note 40S,"PKR 42,999",USD 279,AED 999,2024
Infinix,Note 40 5G,"PKR 54,999",USD 319,"AED 1,099",2024
Infinix,Note 40 Pro 5G,"PKR 72,999",USD 399,"AED 1,499",2024
Infinix,Note 40 Racing Edition,"PKR 89,999",USD 449,"AED 1,699",2024
Infinix,Hot 40,"PKR 35,999",USD 199,AED 749,2023
Infinix,Hot 40i,"PKR 28,999",USD 159,AED 599,2023
Infinix,Hot 40 Pro,"PKR 39,999",USD 229,AED 849,2023
Infinix,Zero 40,"PKR 69,999",USD 349,"AED 1,299",2024
Infinix,Zero 40 5G,"PKR 74,999",USD 379,"AED 1,399",2024
Infinix,Zero Flip,"PKR 89,999",USD 399,"AED 1,499",2024
Infinix,Note 40,"PKR 45,999",USD 279,AED 999,2024
Infinix,Note 40 Pro,"PKR 59,999",USD 329,"AED 1,199",2024
Infinix,Hot 30 128GB,"PKR 35,999",USD 199,AED 749,2023
Infinix,Hot 30i 128GB,"PKR 28,999",USD 159,AED 599,2023
Infinix,Hot 30i NFC 128GB,"PKR 29,999",USD 159,AED 599,2023
Infinix,Hot 30 Play 128GB,"PKR 30,999",USD 179,AED 649,2023
Infinix,Hot 30 5G 128GB,"PKR 41,999",USD 239,AED 899,2023
Infinix,Zero 30 256GB,"PKR 69,999",USD 349,"AED 1,299",2023
Infinix,Zero 30 5G 256GB,"PKR 74,999",USD 379,"AED 1,399",2023
Infinix,GT 10 Pro 256GB,"PKR 84,999",USD 399,"AED 1,499",2023
Infinix,Hot 12 128GB,"PKR 28,999",USD 179,AED 649,2022
Infinix,Hot 12 Play 128GB,"PKR 24,999",USD 159,AED 599,2022
Infinix,Hot 12 Pro 128GB,"PKR 31,999",USD 199,AED 749,2022
Infinix,Hot 12i 64GB,"PKR 22,999",USD 139,AED 499,2022
Infinix,Hot 20 128GB,"PKR 30,999",USD 199,AED 749,2022
Infinix,Hot 20 Play 128GB,"PKR 25,999",USD 159,AED 599,2022
Infinix,Hot 20s 128GB,"PKR 34,999",USD 219,AED 799,2022
Infinix,Hot 20 5G 128GB,"PKR 38,999",USD 239,AED 899,2022
Infinix,Hot 20i 64GB,"PKR 21,999",USD 139,AED 499,2022
Infinix,Hot 10T 128GB,"PKR 23,999",USD 149,AED 549,2021
Infinix,Hot 10S 128GB,"PKR 25,999",USD 169,AED 599,2021
Infinix,Hot 10S NFC 128GB,"PKR 26,999",USD 179,AED 649,2021
Infinix,Hot 10 Lite 64GB,"PKR 19,999",USD 109,AED 399,2020
Infinix,Hot 10 Play 64GB,"PKR 22,999",USD 139,AED 499,2021
Infinix,Hot 11 128GB,"PKR 24,999",USD 159,AED 599,2021
Infinix,Hot 11 Play 128GB,"PKR 25,999",USD 169,AED 649,2021
Infinix,Hot 11s 128GB,"PKR 27,999",USD 189,AED 699,2021
Infinix,Smart HD 32GB,"PKR 15,999",USD 79,AED 299,2020
Infinix,Note 8i 128GB,"PKR 29,999",USD 199,AED 749,2020
Infinix,Hot 10 Lite 64GB,"PKR 19,999",USD 109,AED 399,2020
Infinix,Note 8 128GB,"PKR 34,999",USD 229,AED 899,2020
Infinix,Zero 8i 128GB,"PKR 39,999",USD 249,AED 999,2020
Infinix,Hot 10 128GB,"PKR 24,999",USD 159,AED 599,2020
Infinix,Zero 8 128GB,"PKR 44,999",USD 279,"AED 1,099",2020
Infinix,Smart 5 64GB,"PKR 18,999",USD 99,AED 349,2020
Honor,9X Lite,"PKR 39,999",USD 219,AED 799,2020
Honor,30,"PKR 74,999",USD 449,"AED 1,599",2020
Honor,30 Pro,"PKR 94,999",USD 599,"AED 2,199",2020
Honor,30 Pro+,"PKR 109,999",USD 699,"AED 2,599",2020
Honor,30S,"PKR 54,999",USD 349,"AED 1,299",2020
Honor,X10,"PKR 48,999",USD 319,"AED 1,149",2020
Honor,X10 Max,"PKR 64,999",USD 379,"AED 1,399",2020
Honor,Play 4,"PKR 49,999",USD 349,"AED 1,249",2020
Honor,Play 4 Pro,"PKR 74,999",USD 549,"AED 1,999",2020
Honor,10X Lite,"PKR 34,999",USD 229,AED 849,2020
Honor,V40,"PKR 89,999",USD 599,"AED 2,199",2021
Honor,50,"PKR 89,999",USD 549,"AED 2,049",2021
Honor,50 Pro,"PKR 109,999",USD 649,"AED 2,499",2021
Honor,50 SE,"PKR 74,999",USD 449,"AED 1,699",2021
Honor,X20,"PKR 64,999",USD 379,"AED 1,399",2021
Honor,X20 SE,"PKR 54,999",USD 299,"AED 1,199",2021
Honor,Play 5,"PKR 49,999",USD 319,"AED 1,149",2021
Honor,Play 5T,"PKR 34,999",USD 219,AED 799,2021
Honor,Magic3,"PKR 159,999",USD 899,"AED 3,299",2021
Honor,Magic3 Pro,"PKR 189,999","USD 1,099","AED 3,999",2021
Honor,Magic3 Pro+,"PKR 219,999","USD 1,299","AED 4,599",2021
Honor,60,"PKR 99,999",USD 549,"AED 2,049",2021
Honor,60 Pro,"PKR 124,999",USD 649,"AED 2,599",2021
Honor,60 SE,"PKR 74,999",USD 449,"AED 1,699",2021
Honor,X30,"PKR 69,999",USD 379,"AED 1,299",2021
Honor,X30i,"PKR 54,999",USD 299,"AED 1,099",2021
Honor,X30 Max,"PKR 89,999",USD 499,"AED 1,899",2021
Honor,Play 6,"PKR 29,999",USD 179,AED 699,2022
Honor,Play 6T,"PKR 39,999",USD 229,AED 799,2022
Honor,Magic4,"PKR 179,999",USD 899,"AED 3,299",2022
Honor,Magic4 Pro,"PKR 209,999","USD 1,099","AED 3,999",2022
Honor,Magic4 Ultimate,"PKR 249,999","USD 1,299","AED 4,599",2022
Honor,Magic V,"PKR 349,999","USD 1,799","AED 6,599",2022
Honor,70,"PKR 119,999",USD 549,"AED 2,099",2022
Honor,70 Pro,"PKR 149,999",USD 699,"AED 2,699",2022
Honor,70 Pro+,"PKR 179,999",USD 799,"AED 3,199",2022
Honor,X40,"PKR 64,999",USD 299,"AED 1,099",2022
Honor,X40i,"PKR 49,999",USD 279,AED 999,2022
Honor,Play 7,"PKR 29,999",USD 159,AED 599,2023
Honor,Play 7T,"PKR 34,999",USD 199,AED 749,2023
Honor,Magic5,"PKR 199,999",USD 999,"AED 3,599",2023
Honor,Magic5 Pro,"PKR 249,999","USD 1,199","AED 4,399",2023
Honor,Magic5 Ultimate,"PKR 299,999","USD 1,399","AED 5,199",2023
Honor,Magic Vs,"PKR 369,999","USD 1,699","AED 6,199",2023
Honor,80,"PKR 119,999",USD 549,"AED 2,099",2022
Honor,80 Pro,"PKR 169,999",USD 799,"AED 3,099",2022
Honor,80 SE,"PKR 84,999",USD 399,"AED 1,599",2022
Honor,X50,"PKR 74,999",USD 299,"AED 1,099",2023
Honor,X50i,"PKR 54,999",USD 249,AED 899,2023
Honor,Play 8,"PKR 27,999",USD 149,AED 549,2023
Honor,Play 8T,"PKR 32,999",USD 189,AED 699,2023
Honor,Magic6,"PKR 219,999","USD 1,099","AED 3,999",2024
Honor,Magic6 Pro,"PKR 269,999","USD 1,299","AED 4,699",2024
Honor,Magic6 Ultimate,"PKR 319,999","USD 1,499","AED 5,499",2024
Honor,Magic V2,"PKR 389,999","USD 1,899","AED 6,999",2024
Honor,90,"PKR 139,999",USD 599,"AED 2,199",2023
Honor,90 Pro,"PKR 169,999",USD 699,"AED 2,799",2023
Honor,90 SE,"PKR 84,999",USD 399,"AED 1,599",2023
Honor,X60,"PKR 74,999",USD 299,"AED 1,099",2023
Honor,X60i,"PKR 54,999",USD 249,AED 899,2023
Honor,Play 9,"PKR 27,999",USD 149,AED 549,2023
Honor,Play 9T,"PKR 32,999",USD 189,AED 699,2023
Honor,Magic7,"PKR 219,999","USD 1,099","AED 3,999",2024
Honor,Magic7 Pro,"PKR 269,999","USD 1,299","AED 4,699",2024
Honor,Magic7 Ultimate,"PKR 319,999","USD 1,499","AED 5,499",2024
Honor,Magic V3,"PKR 389,999","USD 1,899","AED 6,999",2024
Honor,Pad 6,"PKR 49,999",USD 199,AED 749,2020
Honor,Pad X6,"PKR 39,999",USD 159,AED 599,2020
Honor,Pad 7,"PKR 54,999",USD 229,AED 849,2021
Honor,Tablet V7,"PKR 84,999",USD 399,"AED 1,499",2021
Honor,Tablet V7 Pro,"PKR 109,999",USD 499,"AED 1,799",2021
Honor,Pad 8,"PKR 69,999",USD 299,"AED 1,099",2022
Honor,Pad X8,"PKR 44,999",USD 189,AED 699,2022
Honor,Pad X8 Lite,"PKR 34,999",USD 149,AED 549,2022
Honor,Pad V8,"PKR 94,999",USD 449,"AED 1,599",2023
Honor,Pad V8 Pro,"PKR 129,999",USD 649,"AED 2,299",2023
Honor,Pad 9,"PKR 84,999",USD 399,"AED 1,499",2024
Honor,Pad 9 Pro,"PKR 109,999",USD 499,"AED 1,799",2024
Honor,Pad X9,"PKR 59,999",USD 299,"AED 1,099",2023
Honor,Pad X8 Pro,"PKR 44,999",USD 189,AED 699,2023
Honor,MagicPad 13,"PKR 149,999",USD 799,"AED 2,999",2023
Honor,MagicPad 2,"PKR 179,999",USD 899,"AED 3,299",2024
Honor,Pad X8a,"PKR 34,999",USD 149,AED 549,2023
Honor,Pad X8a Kids Edition,"PKR 29,999",USD 129,AED 499,2023
Honor,Pad X9 Pro,"PKR 79,999",USD 399,"AED 1,499",2024
Honor,Pad V9,"PKR 129,999",USD 649,"AED 2,299",2024
Honor,Pad GT Pro,"PKR 199,999",USD 999,"AED 3,799",2024
Honor,Pad X10,"PKR 74,999",USD 399,"AED 1,499",2024
Honor,Pad X10 Pro,"PKR 94,999",USD 499,"AED 1,799",2024
Honor,MagicPad 3,"PKR 149,999",USD 799,"AED 2,999",2024
Honor,Pad V10,"PKR 129,999",USD 649,"AED 2,299",2024
POCO,F2 Pro 128GB,"PKR 99,999",USD 499,"AED 1,999",2020
POCO,M2 Pro 64GB,"PKR 34,999",USD 199,AED 799,2020
POCO,X3 NFC 128GB,"PKR 39,999",USD 229,AED 899,2020
POCO,M3 64GB,"PKR 24,999",USD 149,AED 599,2020
POCO,F3 128GB,"PKR 69,999",USD 349,"AED 1,399",2021
POCO,X3 Pro 128GB,"PKR 49,999",USD 249,AED 999,2021
POCO,M3 Pro 5G 64GB,"PKR 29,999",USD 199,AED 799,2021
POCO,F3 GT 128GB,"PKR 79,999",USD 399,"AED 1,499",2021
POCO,X3 GT 128GB,"PKR 44,999",USD 279,"AED 1,099",2021
POCO,M4 Pro 5G 128GB,"PKR 34,999",USD 219,AED 849,2021
POCO,F4 128GB,"PKR 74,999",USD 349,"AED 1,399",2022
POCO,F4 GT 128GB,"PKR 99,999",USD 499,"AED 1,999",2022
POCO,X4 Pro 5G 128GB,"PKR 54,999",USD 299,"AED 1,199",2022
POCO,M4 Pro 128GB,"PKR 39,999",USD 219,AED 849,2022
POCO,M5 128GB,"PKR 29,999",USD 199,AED 799,2022
POCO,M5s 128GB,"PKR 34,999",USD 229,AED 899,2022
POCO,F5 128GB,"PKR 79,999",USD 349,"AED 1,299",2023
POCO,F5 Pro 256GB,"PKR 99,999",USD 499,"AED 1,899",2023
POCO,X5 128GB,"PKR 54,999",USD 279,"AED 1,099",2023
POCO,X5 Pro 128GB,"PKR 64,999",USD 329,"AED 1,199",2023
POCO,M6 64GB,"PKR 29,999",USD 199,AED 799,2023
POCO,M6 Pro 128GB,"PKR 34,999",USD 219,AED 849,2023
POCO,X6 128GB,"PKR 59,999",USD 349,"AED 1,299",2024
POCO,X6 Pro 256GB,"PKR 69,999",USD 399,"AED 1,499",2024
POCO,F6 128GB,"PKR 89,999",USD 449,"AED 1,699",2024
POCO,F6 Pro 256GB,"PKR 109,999",USD 549,"AED 1,999",2024
POCO,C65 64GB,"PKR 24,999",USD 149,AED 599,2024
POCO,X7 128GB,"PKR 64,999",USD 329,"AED 1,199",2025
POCO,X7 Pro 256GB,"PKR 79,999",USD 399,"AED 1,499",2025
POCO,M7 5G 128GB,"PKR 39,999",USD 229,AED 899,2024
Poco,Pad 5G 128GB,"PKR 66,220",USD 280,"AED 1,029",2024
Poco,Pad 5G 256GB,"PKR 71,220",USD 300,"AED 1,099",2024
Samsung,Galaxy Z Fold6 256GB,"PKR 604,999","USD 1,899","AED 7,199",2024
Samsung,Galaxy Z Fold6 512GB,"PKR 544,999",USD 1719,"AED 7,699",2024
Samsung,Galaxy Z Fold6 1TB,Not available,"259""","AED 8,699",2024
